,imo,anc_before_jit,anc_before_jit,anc_before_jit,anc_before_jit
,count,sum,mean,min,max
emission_range,,,,,
Zero,0,0.0,,,
0-1,0,0.0,,,
1-10,1039,5315.744393,5.116212,1.114404,9.99439
10-50,1109,26648.344167,24.029165,10.001066,49.960183
50-100,285,20279.935029,71.157667,50.057591,99.947226
100+,108,14042.433419,130.022532,100.650073,384.187996
